{
  "New York": [40.7127837, -74.0059413],
  "Los Angeles": [34.0522342, -118.2436849],
  "Chicago": [41.8781136, -87.6297982],
  "Houston": [29.7604267, -95.3698028],
  "Philadelphia": [39.9525839, -75.1652215],
  "Phoenix": [33.4483771, -112.0740373],
  "San Antonio": [29.4241219, -98.49362819999999],
  "San Diego": [32.715738, -117.1610838],
  "Dallas": [32.7766642, -96.79698789999999],
  "San Jose": [37.3382082, -121.8863286],
  "Austin": [30.267153, -97.7430608],
  "Jacksonville": [30.3321838, -81.65565099999999],
  "San Francisco": [37.7749295, -122.4194155],
  "Charlotte": [35.2270869, -80.8431267],
  "Seattle": [47.6062095, -122.3320708],
  "Denver": [39.7392358, -104.990251],
  "Washington": [38.9071923, -77.0368707],
  "Boston": [42.3600825, -71.0588801],
  "Detroit": [42.331427, -83.0457538],
  "Nashville": [36.1626638, -86.7816016],
  "Portland": [45.5230622, -122.6764816],
  "Las Vegas": [36.1699412, -115.1398296],
  "Oklahoma City": [35.4675602, -97.5164276],
  "Louisville": [38.2526647, -85.7584557],
  "Baltimore": [39.2903848, -76.6121893],
  "Milwaukee": [43.0389025, -87.9064736],
  "Albuquerque": [35.0853336, -106.6055534],
  "Tucson": [32.2217429, -110.926479],
  "Fresno": [36.7468422, -119.7725868],
  "Sacramento": [38.5815719, -121.4943996],
  "Kansas City": [39.114053, -94.6274636],
  "Mesa": [33.4151843, -111.8314724],
  "Atlanta": [33.7489954, -84.3879824],
  "Colorado Springs": [38.8338816, -104.8213634],
  "Omaha": [41.2523634, -95.99798829999999],
  "Raleigh": [35.7795897, -78.6381787],
  "Miami": [25.7616798, -80.1917902],
  "Oakland": [37.8043637, -122.2711137],
  "Minneapolis": [44.977753, -93.2650108],
  "Tulsa": [36.1539816, -95.99277500000001],
  "Cleveland": [41.49932, -81.6943605],
  "Wichita": [37.688889, -97.336111],
  "Arlington": [32.735687, -97.10806559999999],
  "Tampa": [27.950575, -82.4571776],
  "Bakersfield": [35.3732921, -119.0187125],
  "New Orleans": [29.95106579999999, -90.0715323],
  "Honolulu": [21.3069444, -157.8583333],
  "Anchorage": [61.2180556, -149.9002778],
  "Juneau": [58.3019, -134.4197],
  "Fairbanks": [64.8378, -147.7164],

  "Toronto": [43.6532, -79.3832],
  "Montreal": [45.5017, -73.5673],
  "Vancouver": [49.2827, -123.1207],
  "Calgary": [51.0447, -114.0719],
  "Edmonton": [53.5461, -113.4938],
  "Ottawa": [45.4215, -75.6972],
  "Winnipeg": [49.8951, -97.1384],
  "Quebec City": [46.8139, -71.2080],
  "Hamilton": [43.2557, -79.8711],
  "Halifax": [44.6488, -63.5752],

  "Mexico City": [19.4326, -99.1332],
  "Guadalajara": [20.6597, -103.3496],
  "Monterrey": [25.6866, -100.3161],
  "Puebla": [19.0413, -98.2062],
  "Tijuana": [32.5149, -117.0382],
  "León": [21.1619, -101.6921],
  "Juárez": [31.6904, -106.4245],
  "Zapopan": [20.7227, -103.3754],
  "Chihuahua": [28.6353, -106.0889],
  "Mérida": [20.9674, -89.5926],

  "London": [51.5074, -0.1278],
  "Paris": [48.8566, 2.3522],
  "Berlin": [52.5200, 13.4050],
  "Madrid": [40.4168, -3.7038],
  "Rome": [41.9028, 12.4964],
  "Amsterdam": [52.3676, 4.9041],
  "Vienna": [48.2082, 16.3738],
  "Prague": [50.0755, 14.4378],
  "Budapest": [47.4979, 19.0402],
  "Warsaw": [52.2297, 21.0122],
  "Stockholm": [59.3293, 18.0686],
  "Oslo": [59.9139, 10.7522],
  "Copenhagen": [55.6761, 12.5683],
  "Helsinki": [60.1699, 24.9384],
  "Dublin": [53.3498, -6.2603],
  "Brussels": [50.8503, 4.3517],
  "Zurich": [47.3769, 8.5417],
  "Geneva": [46.2044, 6.1432],
  "Barcelona": [41.3851, 2.1734],
  "Munich": [48.1351, 11.582],
  "Hamburg": [53.5511, 9.9937],
  "Frankfurt": [50.1109, 8.6821],
  "Milan": [45.4642, 9.19],
  "Naples": [40.8518, 14.2681],
  "Athens": [37.9755, 23.7348],
  "Lisbon": [38.7223, -9.1393],

  "Tokyo": [35.6762, 139.6503],
  "Osaka": [34.6937, 135.5023],
  "Kyoto": [35.0116, 135.7681],
  "Yokohama": [35.4437, 139.638],
  "Nagoya": [35.1815, 136.9066],
  "Sapporo": [43.0642, 141.3469],
  "Kobe": [34.6901, 135.1956],
  "Fukuoka": [33.5904, 130.4017],
  "Sendai": [38.2682, 140.8694],
  "Hiroshima": [34.3853, 132.4553],

  "Seoul": [37.5665, 126.978],
  "Busan": [35.1796, 129.0756],
  "Incheon": [37.4563, 126.7052],
  "Daegu": [35.8714, 128.6014],
  "Daejeon": [36.3504, 127.3845],

  "Beijing": [39.9042, 116.4074],
  "Shanghai": [31.2304, 121.4737],
  "Guangzhou": [23.1291, 113.2644],
  "Shenzhen": [22.5431, 114.0579],
  "Chengdu": [30.5728, 104.0668],
  "Hangzhou": [30.2741, 120.1551],
  "Wuhan": [30.5928, 114.3055],
  "Xi'an": [34.3416, 108.9398],
  "Nanjing": [32.0603, 118.7969],
  "Chongqing": [29.4316, 106.9123],

  "Mumbai": [19.076, 72.8777],
  "Delhi": [28.7041, 77.1025],
  "Bangalore": [12.9716, 77.5946],
  "Kolkata": [22.5726, 88.3639],
  "Chennai": [13.0827, 80.2707],
  "Hyderabad": [17.385, 78.4867],
  "Pune": [18.5204, 73.8567],
  "Ahmedabad": [23.0225, 72.5714],
  "Surat": [21.1702, 72.8311],
  "Jaipur": [26.9124, 75.7873],

  "Sydney": [-33.8688, 151.2093],
  "Melbourne": [-37.8136, 144.9631],
  "Brisbane": [-27.4698, 153.0251],
  "Perth": [-31.9505, 115.8605],
  "Adelaide": [-34.9285, 138.6007],
  "Canberra": [-35.2809, 149.13],
  "Hobart": [-42.8821, 147.3272],
  "Darwin": [12.4634, 130.8456],

  "São Paulo": [-23.5558, -46.6396],
  "Rio de Janeiro": [-22.9068, -43.1729],
  "Brasília": [-15.8267, -47.9218],
  "Salvador": [-12.9714, -38.5014],
  "Fortaleza": [-3.7172, -38.5434],
  "Belo Horizonte": [-19.9167, -43.9345],
  "Manaus": [-3.119, -60.0217],
  "Curitiba": [-25.4284, -49.2733],
  "Recife": [-8.0476, -34.877],
  "Porto Alegre": [-30.0346, -51.2177],

  "Buenos Aires": [-34.6118, -58.396],
  "Lima": [-12.0464, -77.0428],
  "Bogotá": [4.711, -74.0721],
  "Caracas": [10.4806, -66.9036],
  "Quito": [-0.1807, -78.4678],
  "Santiago": [-33.4489, -70.6693],
  "Guayaquil": [-2.1709, -79.9224],
  "Medellín": [6.2442, -75.5812],
  "La Paz": [-16.5, -68.15],
  "Montevideo": [-34.9011, -56.1645],
  "Asunción": [-25.2637, -57.5759],

  "Cairo": [30.0444, 31.2357],
  "Alexandria": [31.2001, 29.9187],
  "Casablanca": [33.5731, -7.5898],
  "Johannesburg": [-26.2041, 28.0473],
  "Cape Town": [-33.9249, 18.4241],
  "Nairobi": [-1.2921, 36.8219],
  "Accra": [5.6037, -0.187],
  "Lagos": [6.5244, 3.3792],
  "Kinshasa": [-4.4419, 15.2663],
  "Addis Ababa": [9.0301, 38.7405],

  "Dubai": [25.2048, 55.2708],
  "Abu Dhabi": [24.4539, 54.3773],
  "Doha": [25.2854, 51.531],
  "Riyadh": [24.7136, 46.6753],
  "Jeddah": [21.4858, 39.1925],
  "Muscat": [23.588, 58.3829],
  "Kuwait City": [29.3759, 47.9774],
  "Manama": [26.2235, 50.5876],
  "Tehran": [35.6892, 51.389],
  "Baghdad": [33.3152, 44.3661],

  "Istanbul": [41.0082, 28.9784],
  "Ankara": [39.9334, 32.8597],
  "Izmir": [38.4192, 27.1287],
  "Bursa": [40.1828, 29.066],
  "Antalya": [36.8969, 30.7133],
  "Konya": [37.8746, 32.4932],
  "Adana": [37.0017, 35.3289],
  "Gaziantep": [37.0662, 37.3833],
  "Kayseri": [38.7312, 35.4787],
  "Eskisehir": [39.7767, 30.5206],

  "Moscow": [55.7558, 37.6173],
  "Saint Petersburg": [59.9343, 30.3351],
  "Novosibirsk": [55.0084, 82.9357],
  "Yekaterinburg": [56.8389, 60.6057],
  "Nizhny Novgorod": [56.2965, 43.9361],
  "Kazan": [55.7903, 49.1347],
  "Chelyabinsk": [55.1644, 61.4368],
  "Samara": [53.2415, 50.2212],
  "Omsk": [54.9885, 73.3242],
  "Rostov-on-Don": [47.2357, 39.7015],

  "Bangkok": [13.7563, 100.5018],
  "Chiang Mai": [18.7883, 98.9853],
  "Phuket": [7.8804, 98.3923],
  "Pattaya": [12.9276, 100.8771],
  "Nakhon Ratchasima": [14.9799, 102.0977],
  "Hat Yai": [7.0086, 100.4765],
  "Udon Thani": [17.4157, 102.785],
  "Khon Kaen": [16.4419, 102.835],
  "Nakhon Si Thammarat": [8.4323, 99.9634],
  "Surat Thani": [9.1401, 99.3333],

  "Singapore": [1.3521, 103.8198],
  "Kuala Lumpur": [3.139, 101.6869],
  "Jakarta": [-6.2088, 106.8456],
  "Manila": [14.5995, 120.9842],
  "Hanoi": [21.0278, 105.8342],
  "Ho Chi Minh City": [10.8231, 106.6297],
  "Yangon": [16.8409, 96.1735],
  "Colombo": [6.9271, 79.8612],
  "Dhaka": [23.8103, 90.4125],
  "Kathmandu": [27.7172, 85.324],

  "Auckland": [-36.8485, 174.7633],
  "Wellington": [-41.2865, 174.7762],